image_path,label
data/eardrum_split/train/Aom/aom_37.tiff,acute_otitis_media
data/eardrum_split/train/Aom/aom_60.tiff,acute_otitis_media
data/eardrum_split/train/Aom/aom_21.tiff,acute_otitis_media
data/eardrum_split/train/Aom/aom_56.tiff,acute_otitis_media
data/eardrum_split/train/Aom/aom_17.tiff,acute_otitis_media
data/eardrum_split/train/Aom/aom_40.tiff,acute_otitis_media
data/eardrum_split/train/Aom/aom_106.tiff,acute_otitis_media
data/eardrum_split/train/Aom/aom_83.tiff,acute_otitis_media
data/eardrum_split/train/Aom/aom_95.tiff,acute_otitis_media
data/eardrum_split/train/Aom/aom_107.tiff,acute_otitis_media
data/eardrum_split/train/Aom/aom_82.tiff,acute_otitis_media
data/eardrum_split/train/Aom/aom_16.tiff,acute_otitis_media
data/eardrum_split/train/Aom/aom_57.tiff,acute_otitis_media
data/eardrum_split/train/Aom/aom_20.tiff,acute_otitis_media
data/eardrum_split/train/Aom/aom_77.tiff,acute_otitis_media
data/eardrum_split/train/Aom/aom_98.tiff,acute_otitis_media
data/eardrum_split/train/Aom/aom_61.tiff,acute_otitis_media
data/eardrum_split/train/Aom/aom_36.tiff,acute_otitis_media
data/eardrum_split/train/Aom/aom_50.tiff,acute_otitis_media
data/eardrum_split/train/Aom/aom_100.tiff,acute_otitis_media
data/eardrum_split/train/Aom/aom_116.tiff,acute_otitis_media
data/eardrum_split/train/Aom/aom_93.tiff,acute_otitis_media
data/eardrum_split/train/Aom/aom_4.tiff,acute_otitis_media
data/eardrum_split/train/Aom/aom_66.tiff,acute_otitis_media
data/eardrum_split/train/Aom/aom_89.tiff,acute_otitis_media
data/eardrum_split/train/Aom/aom_70.tiff,acute_otitis_media
data/eardrum_split/train/Aom/aom_27.tiff,acute_otitis_media
data/eardrum_split/train/Aom/aom_26.tiff,acute_otitis_media
data/eardrum_split/train/Aom/aom_71.tiff,acute_otitis_media
data/eardrum_split/train/Aom/aom_67.tiff,acute_otitis_media
data/eardrum_split/train/Aom/aom_88.tiff,acute_otitis_media
data/eardrum_split/train/Aom/aom_30.tiff,acute_otitis_media
data/eardrum_split/train/Aom/aom_5.tiff,acute_otitis_media
data/eardrum_split/train/Aom/aom_117.tiff,acute_otitis_media
data/eardrum_split/train/Aom/aom_92.tiff,acute_otitis_media
data/eardrum_split/train/Aom/aom_101.tiff,acute_otitis_media
data/eardrum_split/train/Aom/aom_84.tiff,acute_otitis_media
data/eardrum_split/train/Aom/aom_47.tiff,acute_otitis_media
data/eardrum_split/train/Aom/aom_10.tiff,acute_otitis_media
data/eardrum_split/train/Aom/aom_9.tiff,acute_otitis_media
data/eardrum_split/train/Aom/aom_91.tiff,acute_otitis_media
data/eardrum_split/train/Aom/aom_114.tiff,acute_otitis_media
data/eardrum_split/train/Aom/aom_102.tiff,acute_otitis_media
data/eardrum_split/train/Aom/aom_68.tiff,acute_otitis_media
data/eardrum_split/train/Aom/aom_44.tiff,acute_otitis_media
data/eardrum_split/train/Aom/aom_13.tiff,acute_otitis_media
data/eardrum_split/train/Aom/aom_52.tiff,acute_otitis_media
data/eardrum_split/train/Aom/aom_25.tiff,acute_otitis_media
data/eardrum_split/train/Aom/aom_72.tiff,acute_otitis_media
data/eardrum_split/train/Aom/aom_64.tiff,acute_otitis_media
data/eardrum_split/train/Aom/aom_33.tiff,acute_otitis_media
data/eardrum_split/train/Aom/aom_48.tiff,acute_otitis_media
data/eardrum_split/train/Aom/aom_7.tiff,acute_otitis_media
data/eardrum_split/train/Aom/aom_32.tiff,acute_otitis_media
data/eardrum_split/train/Aom/aom_65.tiff,acute_otitis_media
data/eardrum_split/train/Aom/aom_119.tiff,acute_otitis_media
data/eardrum_split/train/Aom/aom_24.tiff,acute_otitis_media
data/eardrum_split/train/Aom/aom_12.tiff,acute_otitis_media
data/eardrum_split/train/Aom/aom_45.tiff,acute_otitis_media
data/eardrum_split/train/Aom/aom_86.tiff,acute_otitis_media
data/eardrum_split/train/Aom/aom_69.tiff,acute_otitis_media
data/eardrum_split/train/Aom/aom_115.tiff,acute_otitis_media
data/eardrum_split/train/Aom/aom_28.tiff,acute_otitis_media
data/eardrum_split/train/Aom/aom_74.tiff,acute_otitis_media
data/eardrum_split/train/Aom/aom_108.tiff,acute_otitis_media
data/eardrum_split/train/Aom/aom_35.tiff,acute_otitis_media
data/eardrum_split/train/Aom/aom_58.tiff,acute_otitis_media
data/eardrum_split/train/Aom/aom_97.tiff,acute_otitis_media
data/eardrum_split/train/Aom/aom_78.tiff,acute_otitis_media
data/eardrum_split/train/Aom/aom_81.tiff,acute_otitis_media
data/eardrum_split/train/Aom/aom_104.tiff,acute_otitis_media
data/eardrum_split/train/Aom/aom_39.tiff,acute_otitis_media
data/eardrum_split/train/Aom/aom_42.tiff,acute_otitis_media
data/eardrum_split/train/Aom/aom_15.tiff,acute_otitis_media
data/eardrum_split/train/Aom/aom_55.tiff,acute_otitis_media
data/eardrum_split/train/Aom/aom_14.tiff,acute_otitis_media
data/eardrum_split/train/Aom/aom_105.tiff,acute_otitis_media
data/eardrum_split/train/Aom/aom_96.tiff,acute_otitis_media
data/eardrum_split/train/Aom/aom_113.tiff,acute_otitis_media
data/eardrum_split/train/Aom/aom_59.tiff,acute_otitis_media
data/eardrum_split/train/Aom/aom_18.tiff,acute_otitis_media
data/eardrum_split/train/Aom/aom_75.tiff,acute_otitis_media
data/eardrum_split/train/Aom/aom_22.tiff,acute_otitis_media
data/eardrum_split/train/Earwax/buson_99.tiff,earwax
data/eardrum_split/train/Earwax/buson_76.tiff,earwax
data/eardrum_split/train/Earwax/buson_21.tiff,earwax
data/eardrum_split/train/Earwax/buson_37.tiff,earwax
data/eardrum_split/train/Earwax/buson_119.tiff,earwax
data/eardrum_split/train/Earwax/buson_60.tiff,earwax
data/eardrum_split/train/Earwax/buson_139.tiff,earwax
data/eardrum_split/train/Earwax/buson_40.tiff,earwax
data/eardrum_split/train/Earwax/buson_56.tiff,earwax
data/eardrum_split/train/Earwax/buson_103.tiff,earwax
data/eardrum_split/train/Earwax/buson_115.tiff,earwax
data/eardrum_split/train/Earwax/buson_82.tiff,earwax
data/eardrum_split/train/Earwax/buson_114.tiff,earwax
data/eardrum_split/train/Earwax/buson_94.tiff,earwax
data/eardrum_split/train/Earwax/buson_102.tiff,earwax
data/eardrum_split/train/Earwax/buson_57.tiff,earwax
data/eardrum_split/train/Earwax/buson_138.tiff,earwax
data/eardrum_split/train/Earwax/buson_16.tiff,earwax
data/eardrum_split/train/Earwax/buson_118.tiff,earwax
data/eardrum_split/train/Earwax/buson_61.tiff,earwax
data/eardrum_split/train/Earwax/buson_36.tiff,earwax
data/eardrum_split/train/Earwax/buson_98.tiff,earwax
data/eardrum_split/train/Earwax/buson_77.tiff,earwax
data/eardrum_split/train/Earwax/buson_122.tiff,earwax
data/eardrum_split/train/Earwax/buson_11.tiff,earwax
data/eardrum_split/train/Earwax/buson_50.tiff,earwax
data/eardrum_split/train/Earwax/buson_6.tiff,earwax
data/eardrum_split/train/Earwax/buson_113.tiff,earwax
data/eardrum_split/train/Earwax/buson_133.tiff,earwax
data/eardrum_split/train/Earwax/buson_109.tiff,earwax
data/eardrum_split/train/Earwax/buson_70.tiff,earwax
data/eardrum_split/train/Earwax/buson_27.tiff,earwax
data/eardrum_split/train/Earwax/buson_31.tiff,earwax
data/eardrum_split/train/Earwax/buson_88.tiff,earwax
data/eardrum_split/train/Earwax/buson_67.tiff,earwax
data/eardrum_split/train/Earwax/buson_30.tiff,earwax
data/eardrum_split/train/Earwax/buson_26.tiff,earwax
data/eardrum_split/train/Earwax/buson_108.tiff,earwax
data/eardrum_split/train/Earwax/buson_132.tiff,earwax
data/eardrum_split/train/Earwax/buson_92.tiff,earwax
data/eardrum_split/train/Earwax/buson_104.tiff,earwax
data/eardrum_split/train/Earwax/buson_7.tiff,earwax
data/eardrum_split/train/Earwax/buson_128.tiff,earwax
data/eardrum_split/train/Earwax/buson_51.tiff,earwax
data/eardrum_split/train/Earwax/buson_47.tiff,earwax
data/eardrum_split/train/Earwax/buson_10.tiff,earwax
data/eardrum_split/train/Earwax/buson_87.tiff,earwax
data/eardrum_split/train/Earwax/buson_107.tiff,earwax
data/eardrum_split/train/Earwax/buson_4.tiff,earwax
data/eardrum_split/train/Earwax/buson_91.tiff,earwax
data/eardrum_split/train/Earwax/buson_52.tiff,earwax
data/eardrum_split/train/Earwax/buson_44.tiff,earwax
data/eardrum_split/train/Earwax/buson_64.tiff,earwax
data/eardrum_split/train/Earwax/buson_33.tiff,earwax
data/eardrum_split/train/Earwax/buson_25.tiff,earwax
data/eardrum_split/train/Earwax/buson_72.tiff,earwax
data/eardrum_split/train/Earwax/buson_8.tiff,earwax
data/eardrum_split/train/Earwax/buson_48.tiff,earwax
data/eardrum_split/train/Earwax/buson_131.tiff,earwax
data/eardrum_split/train/Earwax/buson_49.tiff,earwax
data/eardrum_split/train/Earwax/buson_130.tiff,earwax
data/eardrum_split/train/Earwax/buson_73.tiff,earwax
data/eardrum_split/train/Earwax/buson_9.tiff,earwax
data/eardrum_split/train/Earwax/buson_24.tiff,earwax
data/eardrum_split/train/Earwax/buson_32.tiff,earwax
data/eardrum_split/train/Earwax/buson_12.tiff,earwax
data/eardrum_split/train/Earwax/buson_45.tiff,earwax
data/eardrum_split/train/Earwax/buson_53.tiff,earwax
data/eardrum_split/train/Earwax/buson_106.tiff,earwax
data/eardrum_split/train/Earwax/buson_69.tiff,earwax
data/eardrum_split/train/Earwax/buson_110.tiff,earwax
data/eardrum_split/train/Earwax/buson_62.tiff,earwax
data/eardrum_split/train/Earwax/buson_35.tiff,earwax
data/eardrum_split/train/Earwax/buson_23.tiff,earwax
data/eardrum_split/train/Earwax/buson_74.tiff,earwax
data/eardrum_split/train/Earwax/buson_58.tiff,earwax
data/eardrum_split/train/Earwax/buson_117.tiff,earwax
data/eardrum_split/train/Earwax/buson_81.tiff,earwax
data/eardrum_split/train/Earwax/buson_101.tiff,earwax
data/eardrum_split/train/Earwax/buson_2.tiff,earwax
data/eardrum_split/train/Earwax/buson_97.tiff,earwax
data/eardrum_split/train/Earwax/buson_54.tiff,earwax
data/eardrum_split/train/Earwax/buson_42.tiff,earwax
data/eardrum_split/train/Earwax/buson_15.tiff,earwax
data/eardrum_split/train/Earwax/buson_14.tiff,earwax
data/eardrum_split/train/Earwax/buson_43.tiff,earwax
data/eardrum_split/train/Earwax/buson_55.tiff,earwax
data/eardrum_split/train/Earwax/buson_79.tiff,earwax
data/eardrum_split/train/Earwax/buson_100.tiff,earwax
data/eardrum_split/train/Earwax/buson_96.tiff,earwax
data/eardrum_split/train/Earwax/buson_38.tiff,earwax
data/eardrum_split/train/Earwax/buson_80.tiff,earwax
data/eardrum_split/train/Earwax/buson_18.tiff,earwax
data/eardrum_split/train/Earwax/buson_59.tiff,earwax
data/eardrum_split/train/Earwax/buson_120.tiff,earwax
data/eardrum_split/train/Earwax/buson_75.tiff,earwax
data/eardrum_split/train/Earwax/buson_34.tiff,earwax
data/eardrum_split/train/Earwax/buson_63.tiff,earwax
data/eardrum_split/train/Normal/normal_17.tiff,normal
data/eardrum_split/train/Normal/normal_210.tiff,normal
data/eardrum_split/train/Normal/normal_139.tiff,normal
data/eardrum_split/train/Normal/normal_40.tiff,normal
data/eardrum_split/train/Normal/normal_247.tiff,normal
data/eardrum_split/train/Normal/normal_494.tiff,normal
data/eardrum_split/train/Normal/normal_181.tiff,normal
data/eardrum_split/train/Normal/normal_56.tiff,normal
data/eardrum_split/train/Normal/normal_314.tiff,normal
data/eardrum_split/train/Normal/normal_251.tiff,normal
data/eardrum_split/train/Normal/normal_178.tiff,normal
data/eardrum_split/train/Normal/normal_482.tiff,normal
data/eardrum_split/train/Normal/normal_528.tiff,normal
data/eardrum_split/train/Normal/normal_343.tiff,normal
data/eardrum_split/train/Normal/normal_206.tiff,normal
data/eardrum_split/train/Normal/normal_95.tiff,normal
data/eardrum_split/train/Normal/normal_338.tiff,normal
data/eardrum_split/train/Normal/normal_441.tiff,normal
data/eardrum_split/train/Normal/normal_504.tiff,normal
data/eardrum_split/train/Normal/normal_154.tiff,normal
data/eardrum_split/train/Normal/normal_380.tiff,normal
data/eardrum_split/train/Normal/normal_103.tiff,normal
data/eardrum_split/train/Normal/normal_396.tiff,normal
data/eardrum_split/train/Normal/normal_379.tiff,normal
data/eardrum_split/train/Normal/normal_284.tiff,normal
data/eardrum_split/train/Normal/normal_457.tiff,normal
data/eardrum_split/train/Normal/normal_512.tiff,normal
data/eardrum_split/train/Normal/normal_420.tiff,normal
data/eardrum_split/train/Normal/normal_359.tiff,normal
data/eardrum_split/train/Normal/normal_162.tiff,normal
data/eardrum_split/train/Normal/normal_532.tiff,normal
data/eardrum_split/train/Normal/normal_477.tiff,normal
data/eardrum_split/train/Normal/normal_524.tiff,normal
data/eardrum_split/train/Normal/normal_174.tiff,normal
data/eardrum_split/train/Normal/normal_461.tiff,normal
data/eardrum_split/train/Normal/normal_318.tiff,normal
data/eardrum_split/train/Normal/normal_123.tiff,normal
data/eardrum_split/train/Normal/normal_436.tiff,normal
data/eardrum_split/train/Normal/normal_158.tiff,normal
data/eardrum_split/train/Normal/normal_271.tiff,normal
data/eardrum_split/train/Normal/normal_334.tiff,normal
data/eardrum_split/train/Normal/normal_226.tiff,normal
data/eardrum_split/train/Normal/normal_363.tiff,normal
data/eardrum_split/train/Normal/normal_21.tiff,normal
data/eardrum_split/train/Normal/normal_230.tiff,normal
data/eardrum_split/train/Normal/normal_267.tiff,normal
data/eardrum_split/train/Normal/normal_322.tiff,normal
data/eardrum_split/train/Normal/normal_60.tiff,normal
data/eardrum_split/train/Normal/normal_288.tiff,normal
data/eardrum_split/train/Normal/normal_61.tiff,normal
data/eardrum_split/train/Normal/normal_289.tiff,normal
data/eardrum_split/train/Normal/normal_231.tiff,normal
data/eardrum_split/train/Normal/normal_36.tiff,normal
data/eardrum_split/train/Normal/normal_374.tiff,normal
data/eardrum_split/train/Normal/normal_118.tiff,normal
data/eardrum_split/train/Normal/normal_227.tiff,normal
data/eardrum_split/train/Normal/normal_362.tiff,normal
data/eardrum_split/train/Normal/normal_270.tiff,normal
data/eardrum_split/train/Normal/normal_335.tiff,normal
data/eardrum_split/train/Normal/normal_159.tiff,normal
data/eardrum_split/train/Normal/normal_509.tiff,normal
data/eardrum_split/train/Normal/normal_437.tiff,normal
data/eardrum_split/train/Normal/normal_319.tiff,normal
data/eardrum_split/train/Normal/normal_525.tiff,normal
data/eardrum_split/train/Normal/normal_175.tiff,normal
data/eardrum_split/train/Normal/normal_460.tiff,normal
data/eardrum_split/train/Normal/normal_163.tiff,normal
data/eardrum_split/train/Normal/normal_499.tiff,normal
data/eardrum_split/train/Normal/normal_533.tiff,normal
data/eardrum_split/train/Normal/normal_476.tiff,normal
data/eardrum_split/train/Normal/normal_358.tiff,normal
data/eardrum_split/train/Normal/normal_421.tiff,normal
data/eardrum_split/train/Normal/normal_456.tiff,normal
data/eardrum_split/train/Normal/normal_143.tiff,normal
data/eardrum_split/train/Normal/normal_82.tiff,normal
data/eardrum_split/train/Normal/normal_285.tiff,normal
data/eardrum_split/train/Normal/normal_401.tiff,normal
data/eardrum_split/train/Normal/normal_397.tiff,normal
data/eardrum_split/train/Normal/normal_378.tiff,normal
data/eardrum_split/train/Normal/normal_102.tiff,normal
data/eardrum_split/train/Normal/normal_440.tiff,normal
data/eardrum_split/train/Normal/normal_155.tiff,normal
data/eardrum_split/train/Normal/normal_94.tiff,normal
data/eardrum_split/train/Normal/normal_339.tiff,normal
data/eardrum_split/train/Normal/normal_293.tiff,normal
data/eardrum_split/train/Normal/normal_342.tiff,normal
data/eardrum_split/train/Normal/normal_207.tiff,normal
data/eardrum_split/train/Normal/normal_179.tiff,normal
data/eardrum_split/train/Normal/normal_483.tiff,normal
data/eardrum_split/train/Normal/normal_196.tiff,normal
data/eardrum_split/train/Normal/normal_315.tiff,normal
data/eardrum_split/train/Normal/normal_250.tiff,normal
data/eardrum_split/train/Normal/normal_303.tiff,normal
data/eardrum_split/train/Normal/normal_246.tiff,normal
data/eardrum_split/train/Normal/normal_138.tiff,normal
data/eardrum_split/train/Normal/normal_16.tiff,normal
data/eardrum_split/train/Normal/normal_354.tiff,normal
data/eardrum_split/train/Normal/normal_133.tiff,normal
data/eardrum_split/train/Normal/normal_164.tiff,normal
data/eardrum_split/train/Normal/normal_534.tiff,normal
data/eardrum_split/train/Normal/normal_471.tiff,normal
data/eardrum_split/train/Normal/normal_522.tiff,normal
data/eardrum_split/train/Normal/normal_172.tiff,normal
data/eardrum_split/train/Normal/normal_488.tiff,normal
data/eardrum_split/train/Normal/normal_277.tiff,normal
data/eardrum_split/train/Normal/normal_70.tiff,normal
data/eardrum_split/train/Normal/normal_298.tiff,normal
data/eardrum_split/train/Normal/normal_332.tiff,normal
data/eardrum_split/train/Normal/normal_220.tiff,normal
data/eardrum_split/train/Normal/normal_236.tiff,normal
data/eardrum_split/train/Normal/normal_31.tiff,normal
data/eardrum_split/train/Normal/normal_373.tiff,normal
data/eardrum_split/train/Normal/normal_9.tiff,normal
data/eardrum_split/train/Normal/normal_518.tiff,normal
data/eardrum_split/train/Normal/normal_89.tiff,normal
data/eardrum_split/train/Normal/normal_324.tiff,normal
data/eardrum_split/train/Normal/normal_66.tiff,normal
data/eardrum_split/train/Normal/normal_11.tiff,normal
data/eardrum_split/train/Normal/normal_353.tiff,normal
data/eardrum_split/train/Normal/normal_216.tiff,normal
data/eardrum_split/train/Normal/normal_304.tiff,normal
data/eardrum_split/train/Normal/normal_46.tiff,normal
data/eardrum_split/train/Normal/normal_168.tiff,normal
data/eardrum_split/train/Normal/normal_492.tiff,normal
data/eardrum_split/train/Normal/normal_187.tiff,normal
data/eardrum_split/train/Normal/normal_50.tiff,normal
data/eardrum_split/train/Normal/normal_257.tiff,normal
data/eardrum_split/train/Normal/normal_484.tiff,normal
data/eardrum_split/train/Normal/normal_345.tiff,normal
data/eardrum_split/train/Normal/normal_200.tiff,normal
data/eardrum_split/train/Normal/normal_129.tiff,normal
data/eardrum_split/train/Normal/normal_93.tiff,normal
data/eardrum_split/train/Normal/normal_294.tiff,normal
data/eardrum_split/train/Normal/normal_447.tiff,normal
data/eardrum_split/train/Normal/normal_502.tiff,normal
data/eardrum_split/train/Normal/normal_152.tiff,normal
data/eardrum_split/train/Normal/normal_369.tiff,normal
data/eardrum_split/train/Normal/normal_105.tiff,normal
data/eardrum_split/train/Normal/normal_390.tiff,normal
data/eardrum_split/train/Normal/normal_406.tiff,normal
data/eardrum_split/train/Normal/normal_113.tiff,normal
data/eardrum_split/train/Normal/normal_282.tiff,normal
data/eardrum_split/train/Normal/normal_451.tiff,normal
data/eardrum_split/train/Normal/normal_5.tiff,normal
data/eardrum_split/train/Normal/normal_514.tiff,normal
data/eardrum_split/train/Normal/normal_4.tiff,normal
data/eardrum_split/train/Normal/normal_145.tiff,normal
data/eardrum_split/train/Normal/normal_515.tiff,normal
data/eardrum_split/train/Normal/normal_329.tiff,normal
data/eardrum_split/train/Normal/normal_112.tiff,normal
data/eardrum_split/train/Normal/normal_391.tiff,normal
data/eardrum_split/train/Normal/normal_411.tiff,normal
data/eardrum_split/train/Normal/normal_104.tiff,normal
data/eardrum_split/train/Normal/normal_387.tiff,normal
data/eardrum_split/train/Normal/normal_446.tiff,normal
data/eardrum_split/train/Normal/normal_153.tiff,normal
data/eardrum_split/train/Normal/normal_92.tiff,normal
data/eardrum_split/train/Normal/normal_295.tiff,normal
data/eardrum_split/train/Normal/normal_128.tiff,normal
data/eardrum_split/train/Normal/normal_344.tiff,normal
data/eardrum_split/train/Normal/normal_201.tiff,normal
data/eardrum_split/train/Normal/normal_485.tiff,normal
data/eardrum_split/train/Normal/normal_51.tiff,normal
data/eardrum_split/train/Normal/normal_313.tiff,normal
data/eardrum_split/train/Normal/normal_256.tiff,normal
data/eardrum_split/train/Normal/normal_169.tiff,normal
data/eardrum_split/train/Normal/normal_493.tiff,normal
data/eardrum_split/train/Normal/normal_186.tiff,normal
data/eardrum_split/train/Normal/normal_305.tiff,normal
data/eardrum_split/train/Normal/normal_240.tiff,normal
data/eardrum_split/train/Normal/normal_352.tiff,normal
data/eardrum_split/train/Normal/normal_217.tiff,normal
data/eardrum_split/train/Normal/normal_260.tiff,normal
data/eardrum_split/train/Normal/normal_88.tiff,normal
data/eardrum_split/train/Normal/normal_325.tiff,normal
data/eardrum_split/train/Normal/normal_67.tiff,normal
data/eardrum_split/train/Normal/normal_8.tiff,normal
data/eardrum_split/train/Normal/normal_149.tiff,normal
data/eardrum_split/train/Normal/normal_30.tiff,normal
data/eardrum_split/train/Normal/normal_221.tiff,normal
data/eardrum_split/train/Normal/normal_276.tiff,normal
data/eardrum_split/train/Normal/normal_71.tiff,normal
data/eardrum_split/train/Normal/normal_299.tiff,normal
data/eardrum_split/train/Normal/normal_124.tiff,normal
data/eardrum_split/train/Normal/normal_466.tiff,normal
data/eardrum_split/train/Normal/normal_309.tiff,normal
data/eardrum_split/train/Normal/normal_165.tiff,normal
data/eardrum_split/train/Normal/normal_535.tiff,normal
data/eardrum_split/train/Normal/normal_470.tiff,normal
data/eardrum_split/train/Normal/normal_132.tiff,normal
data/eardrum_split/train/Normal/normal_326.tiff,normal
data/eardrum_split/train/Normal/normal_64.tiff,normal
data/eardrum_split/train/Normal/normal_371.tiff,normal
data/eardrum_split/train/Normal/normal_234.tiff,normal
data/eardrum_split/train/Normal/normal_408.tiff,normal
data/eardrum_split/train/Normal/normal_25.tiff,normal
data/eardrum_split/train/Normal/normal_72.tiff,normal
data/eardrum_split/train/Normal/normal_330.tiff,normal
data/eardrum_split/train/Normal/normal_275.tiff,normal
data/eardrum_split/train/Normal/normal_449.tiff,normal
data/eardrum_split/train/Normal/normal_465.tiff,normal
data/eardrum_split/train/Normal/normal_520.tiff,normal
data/eardrum_split/train/Normal/normal_189.tiff,normal
data/eardrum_split/train/Normal/normal_218.tiff,normal
data/eardrum_split/train/Normal/normal_424.tiff,normal
data/eardrum_split/train/Normal/normal_131.tiff,normal
data/eardrum_split/train/Normal/normal_146.tiff,normal
data/eardrum_split/train/Normal/normal_7.tiff,normal
data/eardrum_split/train/Normal/normal_280.tiff,normal
data/eardrum_split/train/Normal/normal_87.tiff,normal
data/eardrum_split/train/Normal/normal_111.tiff,normal
data/eardrum_split/train/Normal/normal_404.tiff,normal
data/eardrum_split/train/Normal/normal_392.tiff,normal
data/eardrum_split/train/Normal/normal_107.tiff,normal
data/eardrum_split/train/Normal/normal_412.tiff,normal
data/eardrum_split/train/Normal/normal_29.tiff,normal
data/eardrum_split/train/Normal/normal_500.tiff,normal
data/eardrum_split/train/Normal/normal_150.tiff,normal
data/eardrum_split/train/Normal/normal_445.tiff,normal
data/eardrum_split/train/Normal/normal_279.tiff,normal
data/eardrum_split/train/Normal/normal_91.tiff,normal
data/eardrum_split/train/Normal/normal_202.tiff,normal
data/eardrum_split/train/Normal/normal_193.tiff,normal
data/eardrum_split/train/Normal/normal_486.tiff,normal
data/eardrum_split/train/Normal/normal_255.tiff,normal
data/eardrum_split/train/Normal/normal_52.tiff,normal
data/eardrum_split/train/Normal/normal_310.tiff,normal
data/eardrum_split/train/Normal/normal_490.tiff,normal
data/eardrum_split/train/Normal/normal_243.tiff,normal
data/eardrum_split/train/Normal/normal_306.tiff,normal
data/eardrum_split/train/Normal/normal_44.tiff,normal
data/eardrum_split/train/Normal/normal_428.tiff,normal
data/eardrum_split/train/Normal/normal_13.tiff,normal
data/eardrum_split/train/Normal/normal_351.tiff,normal
data/eardrum_split/train/Normal/normal_215.tiff,normal
data/eardrum_split/train/Normal/normal_350.tiff,normal
data/eardrum_split/train/Normal/normal_242.tiff,normal
data/eardrum_split/train/Normal/normal_184.tiff,normal
data/eardrum_split/train/Normal/normal_311.tiff,normal
data/eardrum_split/train/Normal/normal_192.tiff,normal
data/eardrum_split/train/Normal/normal_203.tiff,normal
data/eardrum_split/train/Normal/normal_346.tiff,normal
data/eardrum_split/train/Normal/normal_297.tiff,normal
data/eardrum_split/train/Normal/normal_90.tiff,normal
data/eardrum_split/train/Normal/normal_501.tiff,normal
data/eardrum_split/train/Normal/normal_151.tiff,normal
data/eardrum_split/train/Normal/normal_444.tiff,normal
data/eardrum_split/train/Normal/normal_385.tiff,normal
data/eardrum_split/train/Normal/normal_106.tiff,normal
data/eardrum_split/train/Normal/normal_413.tiff,normal
data/eardrum_split/train/Normal/normal_393.tiff,normal
data/eardrum_split/train/Normal/normal_110.tiff,normal
data/eardrum_split/train/Normal/normal_405.tiff,normal
data/eardrum_split/train/Normal/normal_69.tiff,normal
data/eardrum_split/train/Normal/normal_281.tiff,normal
data/eardrum_split/train/Normal/normal_517.tiff,normal
data/eardrum_split/train/Normal/normal_452.tiff,normal
data/eardrum_split/train/Normal/normal_6.tiff,normal
data/eardrum_split/train/Normal/normal_425.tiff,normal
data/eardrum_split/train/Normal/normal_130.tiff,normal
data/eardrum_split/train/Normal/normal_219.tiff,normal
data/eardrum_split/train/Normal/normal_188.tiff,normal
data/eardrum_split/train/Normal/normal_49.tiff,normal
data/eardrum_split/train/Normal/normal_464.tiff,normal
data/eardrum_split/train/Normal/normal_521.tiff,normal
data/eardrum_split/train/Normal/normal_258.tiff,normal
data/eardrum_split/train/Normal/normal_126.tiff,normal
data/eardrum_split/train/Normal/normal_73.tiff,normal
data/eardrum_split/train/Normal/normal_331.tiff,normal
data/eardrum_split/train/Normal/normal_274.tiff,normal
data/eardrum_split/train/Normal/normal_366.tiff,normal
data/eardrum_split/train/Normal/normal_24.tiff,normal
data/eardrum_split/train/Normal/normal_223.tiff,normal
data/eardrum_split/train/Normal/normal_409.tiff,normal
data/eardrum_split/train/Normal/normal_32.tiff,normal
data/eardrum_split/train/Normal/normal_370.tiff,normal
data/eardrum_split/train/Normal/normal_235.tiff,normal
data/eardrum_split/train/Normal/normal_65.tiff,normal
data/eardrum_split/train/Normal/normal_262.tiff,normal
data/eardrum_split/train/Normal/normal_140.tiff,normal
data/eardrum_split/train/Normal/normal_510.tiff,normal
data/eardrum_split/train/Normal/normal_455.tiff,normal
data/eardrum_split/train/Normal/normal_286.tiff,normal
data/eardrum_split/train/Normal/normal_269.tiff,normal
data/eardrum_split/train/Normal/normal_81.tiff,normal
data/eardrum_split/train/Normal/normal_117.tiff,normal
data/eardrum_split/train/Normal/normal_402.tiff,normal
data/eardrum_split/train/Normal/normal_39.tiff,normal
data/eardrum_split/train/Normal/normal_394.tiff,normal
data/eardrum_split/train/Normal/normal_101.tiff,normal
data/eardrum_split/train/Normal/normal_414.tiff,normal
data/eardrum_split/train/Normal/normal_506.tiff,normal
data/eardrum_split/train/Normal/normal_156.tiff,normal
data/eardrum_split/train/Normal/normal_443.tiff,normal
data/eardrum_split/train/Normal/normal_78.tiff,normal
data/eardrum_split/train/Normal/normal_290.tiff,normal
data/eardrum_split/train/Normal/normal_97.tiff,normal
data/eardrum_split/train/Normal/normal_438.tiff,normal
data/eardrum_split/train/Normal/normal_204.tiff,normal
data/eardrum_split/train/Normal/normal_480.tiff,normal
data/eardrum_split/train/Normal/normal_253.tiff,normal
data/eardrum_split/train/Normal/normal_479.tiff,normal
data/eardrum_split/train/Normal/normal_183.tiff,normal
data/eardrum_split/train/Normal/normal_245.tiff,normal
data/eardrum_split/train/Normal/normal_42.tiff,normal
data/eardrum_split/train/Normal/normal_212.tiff,normal
data/eardrum_split/train/Normal/normal_62.tiff,normal
data/eardrum_split/train/Normal/normal_459.tiff,normal
data/eardrum_split/train/Normal/normal_398.tiff,normal
data/eardrum_split/train/Normal/normal_232.tiff,normal
data/eardrum_split/train/Normal/normal_361.tiff,normal
data/eardrum_split/train/Normal/normal_23.tiff,normal
data/eardrum_split/train/Normal/normal_224.tiff,normal
data/eardrum_split/train/Normal/normal_418.tiff,normal
data/eardrum_split/train/Normal/normal_74.tiff,normal
data/eardrum_split/train/Normal/normal_336.tiff,normal
data/eardrum_split/train/Normal/normal_273.tiff,normal
data/eardrum_split/train/Normal/normal_208.tiff,normal
data/eardrum_split/train/Normal/normal_121.tiff,normal
data/eardrum_split/train/Normal/normal_58.tiff,normal
data/eardrum_split/train/Normal/normal_463.tiff,normal
data/eardrum_split/train/Normal/normal_199.tiff,normal
data/eardrum_split/train/Normal/normal_249.tiff,normal
data/eardrum_split/train/Normal/normal_475.tiff,normal
data/eardrum_split/train/Normal/normal_530.tiff,normal
data/eardrum_split/train/Normal/normal_19.tiff,normal
data/eardrum_split/train/Normal/normal_137.tiff,normal
data/eardrum_split/train/Normal/normal_423.tiff,normal
data/eardrum_split/train/Normal/normal_136.tiff,normal
data/eardrum_split/train/Normal/normal_18.tiff,normal
data/eardrum_split/train/Normal/normal_474.tiff,normal
data/eardrum_split/train/Normal/normal_161.tiff,normal
data/eardrum_split/train/Normal/normal_198.tiff,normal
data/eardrum_split/train/Normal/normal_527.tiff,normal
data/eardrum_split/train/Normal/normal_177.tiff,normal
data/eardrum_split/train/Normal/normal_120.tiff,normal
data/eardrum_split/train/Normal/normal_209.tiff,normal
data/eardrum_split/train/Normal/normal_75.tiff,normal
data/eardrum_split/train/Normal/normal_272.tiff,normal
data/eardrum_split/train/Normal/normal_360.tiff,normal
data/eardrum_split/train/Normal/normal_22.tiff,normal
data/eardrum_split/train/Normal/normal_225.tiff,normal
data/eardrum_split/train/Normal/normal_34.tiff,normal
data/eardrum_split/train/Normal/normal_399.tiff,normal
data/eardrum_split/train/Normal/normal_233.tiff,normal
data/eardrum_split/train/Normal/normal_458.tiff,normal
data/eardrum_split/train/Normal/normal_321.tiff,normal
data/eardrum_split/train/Normal/normal_213.tiff,normal
data/eardrum_split/train/Normal/normal_356.tiff,normal
data/eardrum_split/train/Normal/normal_244.tiff,normal
data/eardrum_split/train/Normal/normal_301.tiff,normal
data/eardrum_split/train/Normal/normal_43.tiff,normal
data/eardrum_split/train/Normal/normal_478.tiff,normal
data/eardrum_split/train/Normal/normal_497.tiff,normal
data/eardrum_split/train/Normal/normal_252.tiff,normal
data/eardrum_split/train/Normal/normal_317.tiff,normal
data/eardrum_split/train/Normal/normal_194.tiff,normal
data/eardrum_split/train/Normal/normal_481.tiff,normal
data/eardrum_split/train/Normal/normal_205.tiff,normal
data/eardrum_split/train/Normal/normal_340.tiff,normal
data/eardrum_split/train/Normal/normal_79.tiff,normal
data/eardrum_split/train/Normal/normal_96.tiff,normal
data/eardrum_split/train/Normal/normal_507.tiff,normal
data/eardrum_split/train/Normal/normal_157.tiff,normal
data/eardrum_split/train/Normal/normal_442.tiff,normal
data/eardrum_split/train/Normal/normal_229.tiff,normal
data/eardrum_split/train/Normal/normal_100.tiff,normal
data/eardrum_split/train/Normal/normal_38.tiff,normal
data/eardrum_split/train/Normal/normal_403.tiff,normal
data/eardrum_split/train/Normal/normal_287.tiff,normal
data/eardrum_split/train/Normal/normal_80.tiff,normal
data/eardrum_split/train/Normal/normal_141.tiff,normal
data/eardrum_split/train/Normal/normal_511.tiff,normal
data/eardrum_split/train/Chornic/chronic_8.tiff,chronic_otitis_media
data/eardrum_split/train/Chornic/chronic_10.tiff,chronic_otitis_media
data/eardrum_split/train/Chornic/chronic_47.tiff,chronic_otitis_media
data/eardrum_split/train/Chornic/chronic_51.tiff,chronic_otitis_media
data/eardrum_split/train/Chornic/chronic_4.tiff,chronic_otitis_media
data/eardrum_split/train/Chornic/chronic_26.tiff,chronic_otitis_media
data/eardrum_split/train/Chornic/chronic_30.tiff,chronic_otitis_media
data/eardrum_split/train/Chornic/chronic_31.tiff,chronic_otitis_media
data/eardrum_split/train/Chornic/chronic_27.tiff,chronic_otitis_media
data/eardrum_split/train/Chornic/chronic_50.tiff,chronic_otitis_media
data/eardrum_split/train/Chornic/chronic_11.tiff,chronic_otitis_media
data/eardrum_split/train/Chornic/chronic_9.tiff,chronic_otitis_media
data/eardrum_split/train/Chornic/chronic_2.tiff,chronic_otitis_media
data/eardrum_split/train/Chornic/chronic_20.tiff,chronic_otitis_media
data/eardrum_split/train/Chornic/chronic_36.tiff,chronic_otitis_media
data/eardrum_split/train/Chornic/chronic_16.tiff,chronic_otitis_media
data/eardrum_split/train/Chornic/chronic_41.tiff,chronic_otitis_media
data/eardrum_split/train/Chornic/chronic_56.tiff,chronic_otitis_media
data/eardrum_split/train/Chornic/chronic_40.tiff,chronic_otitis_media
data/eardrum_split/train/Chornic/chronic_17.tiff,chronic_otitis_media
data/eardrum_split/train/Chornic/chronic_60.tiff,chronic_otitis_media
data/eardrum_split/train/Chornic/chronic_37.tiff,chronic_otitis_media
data/eardrum_split/train/Chornic/chronic_21.tiff,chronic_otitis_media
data/eardrum_split/train/Chornic/chronic_63.tiff,chronic_otitis_media
data/eardrum_split/train/Chornic/chronic_59.tiff,chronic_otitis_media
data/eardrum_split/train/Chornic/chronic_18.tiff,chronic_otitis_media
data/eardrum_split/train/Chornic/chronic_43.tiff,chronic_otitis_media
data/eardrum_split/train/Chornic/chronic_14.tiff,chronic_otitis_media
data/eardrum_split/train/Chornic/chronic_42.tiff,chronic_otitis_media
data/eardrum_split/train/Chornic/chronic_39.tiff,chronic_otitis_media
data/eardrum_split/train/Chornic/chronic_1.tiff,chronic_otitis_media
data/eardrum_split/train/Chornic/chronic_58.tiff,chronic_otitis_media
data/eardrum_split/train/Chornic/chronic_23.tiff,chronic_otitis_media
data/eardrum_split/train/Chornic/chronic_28.tiff,chronic_otitis_media
data/eardrum_split/train/Chornic/chronic_53.tiff,chronic_otitis_media
data/eardrum_split/train/Chornic/chronic_12.tiff,chronic_otitis_media
data/eardrum_split/train/Chornic/chronic_24.tiff,chronic_otitis_media
data/eardrum_split/train/Chornic/chronic_49.tiff,chronic_otitis_media
data/eardrum_split/train/Chornic/chronic_6.tiff,chronic_otitis_media
data/eardrum_split/train/Chornic/chronic_48.tiff,chronic_otitis_media
data/eardrum_split/train/Chornic/chronic_25.tiff,chronic_otitis_media
data/eardrum_split/train/Chornic/chronic_13.tiff,chronic_otitis_media
data/eardrum_split/train/Chornic/chronic_52.tiff,chronic_otitis_media
data/eardrum_split/train/Chornic/chronic_29.tiff,chronic_otitis_media
